Air Force Blue (Raf),93,138,168,Blue
Air Force Blue (Usaf),0,48,143,Blue
Air Superiority Blue,114,160,193,Blue
Alabama Crimson,163,38,56,Red
Alice Blue,240,248,255,Blue
Alizarin Crimson,227,38,54,Red
Alloy Orange,196,98,16,Orange
Almond,239,222,205,Pink
Amaranth,229,43,80,Red
Amber,255,191,0,Yellow
Amber (Sae/Ece),255,126,0,Yellow
American Rose,255,3,62,Red
Amethyst,153,102,204,Purple
Android Green,164,198,57,Green
Anti-Flash White,242,243,244,White
Antique Brass,205,149,117,Brown
Antique Fuchsia,145,92,131,Pink
Antique Ruby,132,27,45,Red
Antique White,250,235,215,White
Ao (English),0,128,0,Green
Apple Green,141,182,0,Green
Apricot,251,206,177,Pink
Aqua,0,255,255,Blue
Aquamarine,127,255,212,Blue
Army Green,75,83,32,Green
Arsenic,59,68,75,Grey
Arylide Yellow,233,214,107,Yellow
Ash Grey,178,190,181,Grey
Asparagus,135,169,107,Green
Atomic Tangerine,255,153,102,Orange
Auburn,165,42,42,Orange
Aureolin,253,238,0,Yellow
Aurometalsaurus,110,127,128,Grey
Avocado,86,130,3,Green
Azure,0,127,255,Blue
Azure Mist/Web,240,255,255,Blue
Baby Blue,137,207,240,Blue
Baby Blue Eyes,161,202,241,Blue
Baby Pink,244,194,194,Pink
Ball Blue,33,171,205,Blue
Banana Mania,250,231,181,Yellow
Banana Yellow,255,225,53,Yellow
Barn Red,124,10,2,Red
Battleship Grey,132,132,130,Grey
Bazaar,152,119,123,Pink
Beau Blue,188,212,230,Blue
Beaver,159,129,112,Brown
Beige,245,245,220,Brown
Big Dip O’Ruby,156,37,66,Red
Bisque,255,228,196,Orange
Bistre,61,43,31,Brown
Bittersweet,254,111,94,Pink
Bittersweet Shimmer,191,79,81,Pink
Black,0,0,0,Black
Black Bean,61,12,2,Brown
Black Leather Jacket,37,53,41,Black
Black Olive,59,60,54,Grey
Blanched Almond,255,235,205,Brown
Blast-Off Bronze,165,113,100,Yellow
Bleu De France,49,140,231,Blue
Blizzard Blue,172,229,238,Blue
Blond,250,240,190,Yellow
Blue,0,0,255,Blue
Blue Bell,162,162,208,Purple
Blue (Crayola),31,117,254,Blue
Blue Gray,102,153,204,Blue
Blue-Green,13,152,186,Blue
Blue (Munsell),0,147,175,Blue
Blue (Ncs),0,135,189,Blue
Blue (Pigment),51,51,153,Purple
Blue (Ryb),2,71,254,Blue
Blue Sapphire,18,97,128,Blue
Blue-Violet,138,43,226,Purple
Blush,222,93,131,Pink
Bole,121,68,59,Brown
Bondi Blue,0,149,182,Blue
Bone,227,218,201,White
Boston University Red,204,0,0,Red
Bottle Green,0,106,78,Green
Boysenberry,135,50,96,Purple
Brandeis Blue,0,112,255,Blue
Brass,181,166,66,Yellow
Brick Red,203,65,84,Red
Bright Cerulean,29,172,214,Blue
Bright Green,102,255,0,Green
Bright Lavender,191,148,228,Purple
Bright Maroon,195,33,72,Red
Bright Pink,255,0,127,Pink
Bright Turquoise,8,232,222,Blue
Bright Ube,209,159,232,Purple
Brilliant Lavender,244,187,255,Pink
Brilliant Rose,255,85,163,Pink
Brink Pink,251,96,127,Pink
British Racing Green,0,66,37,Green
Bronze,205,127,50,Orange
Brown (Traditional),150,75,0,Brown
Brown (Web),165,42,42,Red
Bubble Gum,255,193,204,Pink
Bubbles,231,254,255,Green
Buff,240,220,130,Yellow
Bulgarian Rose,72,6,7,Red
Burgundy,128,0,32,Red
Burlywood,222,184,135,Brown
Burnt Orange,204,85,0,Orange
Burnt Sienna,233,116,81,Pink
Burnt Umber,138,51,36,Red
Byzantine,189,51,164,Pink
Byzantium,112,41,99,Purple
Cadet,83,104,114,Grey
Cadet Blue,95,158,160,Blue
Cadet Grey,145,163,176,Grey
Cadmium Green,0,107,60,Green
Cadmium Orange,237,135,45,Orange
Cadmium Red,227,0,34,Red
Cadmium Yellow,255,246,0,Yellow
Café Au Lait,166,123,91,Brown
Café Noir,75,54,33,Brown
Cal Poly Green,30,77,43,Green
Cambridge Blue,163,193,173,Green
Camel,193,154,107,Brown
Cameo Pink,239,187,204,Pink
Camouflage Green,120,134,107,Green
Canary Yellow,255,239,0,Yellow
Candy Apple Red,255,8,0,Red
Candy Pink,228,113,122,Pink
Capri,0,191,255,Blue
Caput Mortuum,89,39,32,Brown
Cardinal,196,30,58,Pink
Caribbean Green,0,204,153,Green
Carmine,150,0,24,Red
Carmine (M&P),215,0,64,Pink
Carmine Pink,235,76,66,Red
Carmine Red,255,0,56,Red
Carnation Pink,255,166,201,Pink
Carnelian,179,27,27,Red
Carolina Blue,153,186,221,Blue
Carrot Orange,237,145,33,Orange
Catalina Blue,6,42,120,Blue
Ceil,146,161,207,Blue
Celadon,172,225,175,Green
Celadon Blue,0,123,167,Blue
Celadon Green,47,132,124,Green
Celeste (Colour),178,255,255,Blue
Celestial Blue,73,151,208,Blue
Cerise,222,49,99,Pink
Cerise Pink,236,59,131,Pink
Cerulean,0,123,167,Blue
Cerulean Blue,42,82,190,Blue
Cerulean Frost,109,155,195,Blue
Cg Blue,0,122,165,Blue
Cg Red,224,60,49,Orange
Chamoisee,160,120,90,Brown
Champagne,250,214,165,Brown
Charcoal,54,69,79,Grey
Charm Pink,230,143,172,Pink
Chartreuse (Traditional),223,255,0,Yellow
Chartreuse (Web),127,255,0,Green
Cherry,222,49,99,Pink
Cherry Blossom Pink,255,183,197,Pink
Chestnut,205,92,92,Orange
China Pink,222,111,161,Pink
China Rose,168,81,110,Purple
Chinese Red,170,56,30,Red
Chocolate (Traditional),123,63,0,Brown
Chocolate (Web),210,105,30,Orange
Chrome Yellow,255,167,0,Orange
Cinereous,152,129,123,Grey
Cinnabar,227,66,52,Red
Cinnamon,210,105,30,Brown
Citrine,228,208,10,Yellow
Classic Rose,251,204,231,Pink
Cobalt,0,71,171,Blue
Cocoa Brown,210,105,30,Brown
Coffee,111,78,55,Brown
Columbia Blue,155,221,255,Blue
Congo Pink,248,131,121,Pink
Cool Black,0,46,99,Blue
Cool Grey,140,146,172,Grey
Copper,184,115,51,Brown
Copper (Crayola),218,138,103,Pink
Copper Penny,173,111,105,Purple
Copper Red,203,109,81,Pink
Copper Rose,153,102,102,Purple
Coquelicot,255,56,0,Orange
Coral,255,127,80,Pink
Coral Pink,248,131,121,Pink
Coral Red,255,64,64,Red
Cordovan,137,63,69,Brown
Corn,251,236,93,Yellow
Cornell Red,179,27,27,Red
Cornflower Blue,100,149,237,Blue
Cornsilk,255,248,220,White
Cosmic Latte,255,248,231,White
Cotton Candy,255,188,217,Pink
Cream,255,253,208,White
Crimson,220,20,60,Pink
Crimson Glory,190,0,50,Red
Cyan,0,255,255,Blue
Cyan (Process),0,183,235,Blue
Daffodil,255,255,49,Yellow
Dandelion,240,225,48,Yellow
Dark Blue,0,0,139,Blue
Dark Brown,101,67,33,Brown
Dark Byzantium,93,57,84,Purple
Dark Candy Apple Red,164,0,0,Red
Dark Cerulean,8,69,126,Blue
Dark Chestnut,152,105,96,Brown
Dark Coral,205,91,69,Pink
Dark Cyan,0,139,139,Blue
Dark Electric Blue,83,104,120,Grey
Dark Goldenrod,184,134,11,Yellow
Dark Gray,169,169,169,Grey
Dark Green,1,50,32,Green
Dark Imperial Blue,0,65,106,Blue
Dark Jungle Green,26,36,33,Grey
Dark Khaki,189,183,107,Brown
Dark Lava,72,60,50,Brown
Dark Lavender,115,79,150,Purple
Dark Magenta,139,0,139,Pink
Dark Midnight Blue,0,51,102,Blue
Dark Olive Green,85,107,47,Green
Dark Orange,255,140,0,Yellow
Dark Orchid,153,50,204,Purple
Dark Pastel Blue,119,158,203,Blue
Dark Pastel Green,3,192,60,Green
Dark Pastel Purple,150,111,214,Purple
Dark Pastel Red,194,59,34,Red
Dark Pink,231,84,128,Pink
Dark Powder Blue,0,51,153,Blue
Dark Raspberry,135,38,87,Purple
Dark Red,139,0,0,Red
Dark Salmon,233,150,122,Pink
Dark Scarlet,86,3,25,Red
Dark Sea Green,143,188,143,Green
Dark Sienna,60,20,20,Brown
Dark Slate Blue,72,61,139,Purple
Dark Slate Gray,47,79,79,Green
Dark Spring Green,23,114,69,Green
Dark Tan,145,129,81,Brown
Dark Tangerine,255,168,18,Yellow
Dark Taupe,72,60,50,Brown
Dark Terra Cotta,204,78,92,Pink
Dark Turquoise,0,206,209,Blue
Dark Violet,148,0,211,Purple
Dark Yellow,155,135,12,Yellow
Dartmouth Green,0,112,60,Green
Davy'S Grey,85,85,85,Grey
Debian Red,215,10,83,Pink
Deep Carmine,169,32,62,Red
Deep Carmine Pink,239,48,56,Red
Deep Carrot Orange,233,105,44,Orange
Deep Cerise,218,50,135,Pink
Deep Champagne,250,214,165,Yellow
Deep Chestnut,185,78,72,Orange
Deep Coffee,112,66,65,Brown
Deep Fuchsia,193,84,193,Pink
Deep Jungle Green,0,75,73,Green
Deep Lilac,153,85,187,Purple
Deep Magenta,204,0,204,Pink
Deep Peach,255,203,164,Yellow
Deep Pink,255,20,147,Pink
Deep Ruby,132,63,91,Purple
Deep Saffron,255,153,51,Orange
Deep Sky Blue,0,191,255,Blue
Deep Tuscan Red,102,66,77,Brown
Denim,21,96,189,Blue
Desert,193,154,107,Brown
Desert Sand,237,201,175,Brown
Dim Gray,105,105,105,Grey
Dodger Blue,30,144,255,Blue
Dogwood Rose,215,24,104,Pink
Dollar Bill,133,187,101,Green
Drab,150,113,23,Yellow
Duke Blue,0,0,156,Blue
Earth Yellow,225,169,95,Brown
Ebony,85,93,80,Green
Ecru,194,178,128,Brown
Eggplant,97,64,81,Purple
Eggshell,240,234,214,White
Egyptian Blue,16,52,166,Blue
Electric Blue,125,249,255,Blue
Electric Crimson,255,0,63,Red
Electric Cyan,0,255,255,Blue
Electric Green,0,255,0,Green
Electric Indigo,111,0,255,Purple
Electric Lavender,244,187,255,Pink
Electric Lime,204,255,0,Yellow
Electric Purple,191,0,255,Pink
Electric Ultramarine,63,0,255,Purple
Electric Violet,143,0,255,Purple
Electric Yellow,255,255,0,Yellow
Emerald,80,200,120,Green
English Lavender,180,131,149,Brown
Eton Blue,150,200,162,Green
Fallow,193,154,107,Brown
Falu Red,128,24,24,Red
Fandango,181,51,137,Pink
Fashion Fuchsia,244,0,161,Pink
Fawn,229,170,112,Brown
Feldgrau,77,93,83,Green
Fern Green,79,121,66,Green
Ferrari Red,255,40,0,Orange
Field Drab,108,84,30,Brown
Fire Engine Red,206,32,41,Pink
Firebrick,178,34,34,Red
Flame,226,88,34,Orange
Flamingo Pink,252,142,172,Pink
Flavescent,247,233,142,Yellow
Flax,238,220,130,Yellow
Floral White,255,250,240,White
Fluorescent Orange,255,191,0,Yellow
Fluorescent Pink,255,20,147,Pink
Fluorescent Yellow,204,255,0,Yellow
Folly,255,0,79,Pink
Forest Green (Traditional),1,68,33,Green
Forest Green (Web),34,139,34,Green
French Beige,166,123,91,Brown
French Blue,0,114,187,Blue
French Lilac,134,96,142,Purple
French Lime,204,255,0,Yellow
French Raspberry,199,44,72,Red
French Rose,246,74,138,Pink
Fuchsia,255,0,255,Pink
Fuchsia (Crayola),193,84,193,Purple
Fuchsia Pink,255,119,255,Pink
Fuchsia Rose,199,67,117,Purple
Fulvous,228,132,0,Orange
Fuzzy Wuzzy,204,102,102,Pink
Gainsboro,220,220,220,White
Gamboge,228,155,15,Orange
Ghost White,248,248,255,White
Ginger,176,101,0,Orange
Glaucous,96,130,182,Blue
Glitter,230,232,250,Blue
Gold (Metallic),212,175,55,Yellow
Gold (Web) (Golden),255,215,0,Yellow
Golden Brown,153,101,21,Brown
Golden Poppy,252,194,0,Yellow
Golden Yellow,255,223,0,Yellow
Goldenrod,218,165,32,Yellow
Granny Smith Apple,168,228,160,Green
Gray,128,128,128,Grey
Gray-Asparagus,70,89,69,Green
Gray (Html/Css Gray),128,128,128,Grey
Gray (X11 Gray),190,190,190,Grey
Green (Color Wheel) (X11 Green),0,255,0,Green
Green (Crayola),28,172,120,Green
Green (Html/Css Green),0,128,0,Green
Green (Munsell),0,168,119,Green
Green (Ncs),0,159,107,Green
Green (Pigment),0,165,80,Green
Green (Ryb),102,176,50,Green
Green-Yellow,173,255,47,Grenn
Grullo,169,154,134,Grey
Guppie Green,0,255,127,Green
Halayà úBe,102,56,84,Purple
Han Blue,68,108,207,Blue
Han Purple,82,24,250,Purple
Hansa Yellow,233,214,107,Yellow
Harlequin,63,255,0,Green
Harvard Crimson,201,0,22,Red
Harvest Gold,218,145,0,Orange
Heart Gold,128,128,0,Brown
Heliotrope,223,115,255,Pink
Hollywood Cerise,244,0,161,Pink
Honeydew,240,255,240,White
Honolulu Blue,0,127,191,Blue
Hooker'S Green,73,121,107,Green
Hot Magenta,255,29,206,Pink
Hot Pink,255,105,180,Pink
Hunter Green,53,94,59,Green
Iceberg,113,166,210,Blue
Icterine,252,247,94,Yellow
Imperial Blue,0,35,149,Blue
Inchworm,178,236,93,Green
India Green,19,136,8,Green
Indian Red,205,92,92,Pink
Indian Yellow,227,168,87,Orange
Indigo,111,0,255,Purple
Indigo (Dye),0,65,106,Blue
Indigo (Web),75,0,130,Purple
International Klein Blue,0,47,167,Blue
International Orange (Aerospace),255,79,0,Orange
International Orange (Engineering),186,22,12,Red
International Orange (Golden Gate Bridge),192,54,44,Red
Iris,90,79,207,Purple
Isabelline,244,240,236,White
Islamic Green,0,144,0,Green
Ivory,255,255,240,White
Jade,0,168,107,Green
Jasmine,248,222,126,Yellow
Jasper,215,59,62,Red
Jazzberry Jam,165,11,94,Pink
Jet,52,52,52,Black
Jonquil,250,218,94,Yellow
June Bud,189,218,87,Green
Jungle Green,41,171,135,Green
Kelly Green,76,187,23,Green
Kenyan Copper,124,28,5,Red
Khaki (Html/Css) (Khaki),195,176,145,Brown
Khaki (X11) (Light Khaki),240,230,140,Yellow
Ku Crimson,232,0,13,Red
La Salle Green,8,120,48,Green
Languid Lavender,214,202,221,Purple
Lapis Lazuli,38,97,156,Blue
Laser Lemon,254,254,34,Yellow
Laurel Green,169,186,157,Green
Lava,207,16,32,Red
Lavender Blue,204,204,255,Purple
Lavender Blush,255,240,245,White
Lavender (Floral),181,126,220,Purple
Lavender Gray,196,195,208,Grey
Lavender Indigo,148,87,235,Purple
Lavender Magenta,238,130,238,Pink
Lavender Mist,230,230,250,Grey
Lavender Pink,251,174,210,Pink
Lavender Purple,150,123,182,Purple
Lavender Rose,251,160,227,Pink
Lavender (Web),230,230,250,Grey
Lawn Green,124,252,0,Green
Lemon,255,247,0,Yellow
Lemon Chiffon,255,250,205,White
Lemon Lime,227,255,0,Yellow
Licorice,26,17,16,Black
Light Apricot,253,213,177,Pink
Light Blue,173,216,230,Blue
Light Brown,181,101,29,Brown
Light Carmine Pink,230,103,113,Pink
Light Coral,240,128,128,Pink
Light Cornflower Blue,147,204,234,Blue
Light Crimson,245,105,145,Pink
Light Cyan,224,255,255,White
Light Fuchsia Pink,249,132,239,Pink
Light Goldenrod Yellow,250,250,210,Yellow
Light Gray,211,211,211,Grey
Light Green,144,238,144,Green
Light Khaki,240,230,140,Yellow
Light Pastel Purple,177,156,217,Purple
Light Pink,255,182,193,Pink
Light Red Ochre,233,116,81,Orange
Light Salmon,255,160,122,Pink
Light Salmon Pink,255,153,153,Pink
Light Sea Green,32,178,170,Green
Light Sky Blue,135,206,250,Blue
Light Slate Gray,119,136,153,Grey
Light Taupe,179,139,109,Brown
Light Thulian Pink,230,143,172,Pink
Light Yellow,255,255,224,Yellow
Lilac,200,162,200,Purple
Lime (Color Wheel),191,255,0,Green
Lime Green,50,205,50,Green
Lime (Web) (X11 Green),0,255,0,Green
Limerick,157,194,9,Green
Lincoln Green,25,89,5,Green
Linen,250,240,230,White
Lion,193,154,107,Brown
Little Boy Blue,108,160,220,Blue
Liver,83,75,79,Grey
Lust,230,32,32,Red
Magenta,255,0,255,Pink
Magenta (Dye),202,31,123,Purple
Magenta (Process),255,0,144,Pink
Magic Mint,170,240,209,Green
Magnolia,248,244,255,White
Mahogany,192,64,0,Brown
Maize,251,236,93,Yellow
Majorelle Blue,96,80,220,Purple
Malachite,11,218,81,Green
Manatee,151,154,170,Grey
Mango Tango,255,130,67,Orange
Mantis,116,195,101,Green
Mardi Gras,136,0,133,Purple
Maroon (Crayola),195,33,72,Pink
Maroon (Html/Css),128,0,0,Red
Maroon (X11),176,48,96,Purple
Mauve,224,176,255,Purple
Mauve Taupe,145,95,109,Purple
Mauvelous,239,152,170,Pink
Maya Blue,115,194,251,Blue
Meat Brown,229,183,59,Yellow
Medium Aquamarine,102,221,170,Green
Medium Blue,0,0,205,Blue
Medium Candy Apple Red,226,6,44,Red
Medium Carmine,175,64,53,Brown
Medium Champagne,243,229,171,Yellow
Medium Electric Blue,3,80,150,Blue
Medium Jungle Green,28,53,45,Green
Medium Lavender Magenta,221,160,221,Pink
Medium Orchid,186,85,211,Purple
Medium Persian Blue,0,103,165,Blue
Medium Purple,147,112,219,Purple
Medium Red-Violet,187,51,133,Pink
Medium Ruby,170,64,105,Purple
Medium Sea Green,60,179,113,Green
Medium Slate Blue,123,104,238,Purple
Medium Spring Bud,201,220,135,Green
Medium Spring Green,0,250,154,Green
Medium Taupe,103,76,71,Brown
Medium Turquoise,72,209,204,Blue
Medium Tuscan Red,121,68,59,Brown
Medium Vermilion,217,96,59,Orange
Medium Violet-Red,199,21,133,Pink
Mellow Apricot,248,184,120,Brown
Mellow Yellow,248,222,126,Yellow
Melon,253,188,180,Pink
Midnight Blue,25,25,112,Purple
Midnight Green (Eagle Green),0,73,83,Green
Mikado Yellow,255,196,12,Yellow
Mint,62,180,137,Green
Mint Cream,245,255,250,White
Mint Green,152,255,152,Green
Misty Rose,255,228,225,Pink
Moccasin,250,235,215,Yellow
Mode Beige,150,113,23,Brown
Moonstone Blue,115,169,194,Blue
Mordant Red 19,174,12,0,Red
Moss Green,173,223,173,Green
Mountain Meadow,48,186,143,Green
Mountbatten Pink,153,122,141,Purple
Msu Green,24,69,59,Green
Mulberry,197,75,140,Pink
Mustard,255,219,88,Yellow
Myrtle,33,66,30,Green
Nadeshiko Pink,246,173,198,Pink
Napier Green,42,128,0,Green
Naples Yellow,250,218,94,Yellow
Navajo White,255,222,173,Pink
Navy Blue,0,0,128,Blue
Neon Carrot,255,163,67,Orange
Neon Fuchsia,254,65,100,Pink
Neon Green,57,255,20,Green
New York Pink,215,131,127,Pink
Non-Photo Blue,164,221,237,Blue
North Texas Green,5,144,51,Green
Ocean Boat Blue,0,119,190,Blue
Ochre,204,119,34,Orange
Office Green,0,128,0,Green
Old Gold,207,181,59,Yellow
Old Lace,253,245,230,White
Old Lavender,121,104,120,Purple
Old Mauve,103,49,71,Purple
Old Rose,192,128,129,Pink
Olive,128,128,0,Yellow
Olive Drab #7,60,52,31,Green
Olive Drab (Web) (Olive Drab #3),107,142,35,Green
Olivine,154,185,115,Green
Onyx,53,56,57,Grey
Opera Mauve,183,132,167,Pink
Orange (Color Wheel),255,127,0,Orange
Orange Peel,255,159,0,Orange
Orange-Red,255,69,0,Orange
Orange (Ryb),251,153,2,Orange
Orange (Web Color),255,165,0,Orange
Orchid,218,112,214,Pink
Otter Brown,101,67,33,Brown
Ou Crimson Red,153,0,0,Red
Outer Space,65,74,76,Grey
Outrageous Orange,255,110,74,Pink
Oxford Blue,0,33,71,Blue
Pakistan Green,0,102,0,Green
Palatinate Blue,39,59,226,Blue
Palatinate Purple,104,40,96,Purple
Pale Aqua,188,212,230,Blue
Pale Blue,175,238,238,Blue
Pale Brown,152,118,84,Brown
Pale Carmine,175,64,53,Red
Pale Cerulean,155,196,226,Blue
Pale Chestnut,221,173,175,Pink
Pale Copper,218,138,103,Pink
Pale Cornflower Blue,171,205,239,Blue
Pale Gold,230,190,138,Brown
Pale Goldenrod,238,232,170,Yellow
Pale Green,152,251,152,Green
Pale Lavender,220,208,255,Purple
Pale Magenta,249,132,229,Pink
Pale Pink,250,218,221,Pink
Pale Plum,221,160,221,Pink
Pale Red-Violet,219,112,147,Pink
Pale Robin Egg Blue,150,222,209,Blue
Pale Silver,201,192,187,Grey
Pale Spring Bud,236,235,189,Yellow
Pale Taupe,188,152,126,Brown
Pale Violet-Red,219,112,147,Pink
Pansy Purple,120,24,74,Purple
Papaya Whip,255,239,213,White
Paris Green,80,200,120,Green
Pastel Blue,174,198,207,Blue
Pastel Brown,131,105,83,Brown
Pastel Gray,207,207,196,Grey
Pastel Green,119,221,119,Green
Pastel Magenta,244,154,194,Pink
Pastel Orange,255,179,71,Orange
Pastel Pink,222,165,164,Pink
Pastel Purple,179,158,181,Purple
Pastel Red,255,105,97,Pink
Pastel Violet,203,153,201,Purple
Pastel Yellow,253,253,150,Yellow
Patriarch,128,0,128,Purple
Payne'S Grey,83,104,120,Grey
Peach,255,229,180,Yellow
Peach (Crayola),255,203,164,Pink
Peach-Orange,255,204,153,Orange
Peach Puff,255,218,185,Pink
Peach-Yellow,250,223,173,Pink
Pear,209,226,49,Yellow
Pearl,234,224,200,White
Pearl Aqua,136,216,192,Green
Pearly Purple,183,104,162,Purple
Peridot,230,226,0,Yellow
Periwinkle,204,204,255,Purple
Persian Blue,28,57,187,Blue
Persian Green,0,166,147,Green
Persian Indigo,50,18,122,Purple
Persian Orange,217,144,88,Orange
Persian Pink,247,127,190,Pink
Persian Plum,112,28,28,Red
Persian Red,204,51,51,Red
Persian Rose,254,40,162,Pink
Persimmon,236,88,0,Orange
Peru,205,133,63,Brown
Phlox,223,0,255,Pink
Phthalo Blue,0,15,137,Blue
Phthalo Green,18,53,36,Green
Piggy Pink,253,221,230,Pink
Pine Green,1,121,111,Green
Pink,255,192,203,Pink
Pink Lace,255,221,244,Pink
Pink-Orange,255,153,102,Orange
Pink Pearl,231,172,207,Pink
Pink Sherbet,247,143,167,Pink
Pistachio,147,197,114,Green
Platinum,229,228,226,White
Plum (Traditional),142,69,133,Purple
Plum (Web),221,160,221,Purple
Portland Orange,255,90,54,Orange
Powder Blue (Web),176,224,230,Green
Princeton Orange,255,143,0,ORange
Prune,112,28,28,Purple
Prussian Blue,0,49,83,Blue
Psychedelic Purple,223,0,255,Pink
Puce,204,136,153,Pink
Pumpkin,255,117,24,Orange
Purple Heart,105,53,156,Purple
Purple (Html/Css),128,0,128,Purple
Purple Mountain Majesty,150,120,182,Purple
Purple (Munsell),159,0,197,Purple
Purple Pizzazz,254,78,218,Pink
Purple Taupe,80,64,77,Grey
Purple (X11),160,32,240,Purple
Quartz,81,72,79,Grey
Rackley,93,138,168,Blue
Radical Red,255,53,94,Pink
Rajah,251,171,96,Orange
Raspberry,227,11,93,Pink
Raspberry Glace,145,95,109,Purple
Raspberry Pink,226,80,152,Pink
Raspberry Rose,179,68,108,Purple
Raw Umber,130,102,68,Brown
Razzle Dazzle Rose,255,51,204,Pink
Razzmatazz,227,37,107,Pink
Red,255,0,0,Red
Red-Brown,165,42,42,Red
Red Devil,134,1,17,Red
Red (Munsell),242,0,60,Pink
Red (Ncs),196,2,51,Red
Red-Orange,255,83,73,Pink
Red (Pigment),237,28,36,Red
Red (Ryb),254,39,18,Orange
Red-Violet,199,21,133,Pink
Redwood,171,78,82,Brown
Regalia,82,45,128,Purple
Resolution Blue,0,35,135,Blue
Rich Black,0,64,64,Green
Rich Brilliant Lavender,241,167,254,Pink
Rich Carmine,215,0,64,Red
Rich Electric Blue,8,146,208,Blue
Rich Lavender,167,107,207,Purple
Rich Lilac,182,102,210,Purple
Rich Maroon,176,48,96,Purple
Rifle Green,65,72,51,Green
Robin Egg Blue,0,204,204,Blue
Rose,255,0,127,Pink
Rose Bonbon,249,66,158,Pink
Rose Ebony,103,72,70,Brown
Rose Gold,183,110,121,Brown
Rose Madder,227,38,54,Red
Rose Pink,255,102,204,Pink
Rose Quartz,170,152,169,Grey
Rose Taupe,144,93,93,Brown
Rose Vale,171,78,82,Brown
Rosewood,101,0,11,Red
Rosso Corsa,212,0,0,Red
Rosy Brown,188,143,143,Grey
Royal Azure,0,56,168,Blue
Royal Blue (Traditional),0,35,102,Blue
Royal Blue (Web),65,105,225,Blue
Royal Fuchsia,202,44,146,Pink
Royal Purple,120,81,169,Purple
Royal Yellow,250,218,94,Yellow
Rubine Red,209,0,86,Pink
Ruby,224,17,95,Pink
Ruby Red,155,17,30,Red
Ruddy,255,0,40,Red
Ruddy Brown,187,101,40,Brown
Ruddy Pink,225,142,150,Pink
Rufous,168,28,7,Red
Russet,128,70,27,Brown
Rust,183,65,14,Orange
Rusty Red,218,44,67,Pink
Sacramento State Green,0,86,63,Green
Saddle Brown,139,69,19,Brown
Safety Orange (Blaze Orange),255,103,0,Orange
Saffron,244,196,48,Yellow
Salmon,255,140,105,Pink
Salmon Pink,255,145,164,Pink
Sand,194,178,128,Brown
Sand Dune,150,113,23,Brown
Sandstorm,236,213,64,Yellow
Sandy Brown,244,164,96,Pink
Sandy Taupe,150,113,23,Brown
Sangria,146,0,10,Red
Sap Green,80,125,42,Green
Sapphire,15,82,186,Blue
Sapphire Blue,0,103,165,Blue
Satin Sheen Gold,203,161,53,Brown
Scarlet,255,36,0,Orange
Scarlet (Crayola),253,14,53,Pink
School Bus Yellow,255,216,0,Yellow
Screamin' Green,118,255,122,Green
Sea Blue,0,105,148,Blue
Sea Green,46,139,87,Green
Seal Brown,50,20,20,Brown
Seashell,255,245,238,White
Selective Yellow,255,186,0,Yellow
Sepia,112,66,20,Brown
Shadow,138,121,93,Brown
Shamrock Green,0,158,96,Green
Shocking Pink,252,15,192,Pink
Shocking Pink (Crayola),255,111,255,Pink
Sienna,136,45,23,Brown
Silver,192,192,192,Grey
Sinopia,203,65,11,Orange
Skobeloff,0,116,116,Green
Sky Blue,135,206,235,Blue
Sky Magenta,207,113,175,Pink
Slate Blue,106,90,205,Purple
Slate Gray,112,128,144,Grey
Smalt (Dark Powder Blue),0,51,153,Blue
Smokey Topaz,147,61,65,Brown
Smoky Black,16,12,8,Black
Snow,255,250,250,White
Spiro Disco Ball,15,192,252,Blue
Spring Bud,167,252,0,Green
Spring Green,0,255,127,Green
St. Patrick'S Blue,35,41,122,Purple
Steel Blue,70,130,180,Blue
Stil De Grain Yellow,250,218,94,Yellow
Stizza,153,0,0,Red
Stormcloud,79,102,106,Grey
Straw,228,217,111,Yellow
Sunglow,255,204,51,Yellow
Sunset,250,214,165,Pink
Tan,210,180,140,Browjn
Tangelo,249,77,0,Orange
Tangerine,242,133,0,Orange
Tangerine Yellow,255,204,0,Yellow
Tango Pink,228,113,122,Pink
Taupe,72,60,50,Brown
Taupe Gray,139,133,137,Grey
Tea Green,208,240,192,Green
Tea Rose (Orange),248,131,121,Pink
Tea Rose (Rose),244,194,194,Pink
Teal,0,128,128,Green
Teal Blue,54,117,136,Grey
Teal Green,0,130,127,Green
Telemagenta,207,52,118,Pink
Tenné (Tawny),205,87,0,Orange
Terra Cotta,226,114,91,Pink
Thistle,216,191,216,Purple
Thulian Pink,222,111,161,Pink
Tickle Me Pink,252,137,172,Pink
Tiffany Blue,10,186,181,Green
Tiger'S Eye,224,141,60,Orange
Timberwolf,219,215,210,White
Titanium Yellow,238,230,0,Yellow
Tomato,255,99,71,Pink
Toolbox,116,108,192,Purple
Topaz,255,200,124,Brown
Tractor Red,253,14,53,Red
Trolley Grey,128,128,128,Grey
Tropical Rain Forest,0,117,94,Green
True Blue,0,115,207,Blue
Tufts Blue,65,125,193,Blue
Tumbleweed,222,170,136,Brown
Turkish Rose,181,114,129,Purple
Turquoise,48,213,200,Blue
Turquoise Blue,0,255,239,Blue
Turquoise Green,160,214,180,Green
Tuscan Red,124,72,72,Brown
Twilight Lavender,138,73,107,Purple
Tyrian Purple,102,2,60,Purple
Ua Blue,0,51,170,Blue
Ua Red,217,0,76,Pink
Ube,136,120,195,Purple
Ucla Blue,83,104,149,Grey
Ucla Gold,255,179,0,Yellow
Ufo Green,60,208,112,Green
Ultra Pink,255,111,255,Pink
Ultramarine,18,10,143,Purple
Ultramarine Blue,65,102,245,Blue
Umber,99,81,71,Brown
Unbleached Silk,255,221,202,Pink
United Nations Blue,91,146,229,Blue
University Of California Gold,183,135,39,Yellow
Unmellow Yellow,255,255,102,Yellow
Up Forest Green,1,68,33,Green
Up Maroon,123,17,19,Red
Upsdell Red,174,32,41,Pink
Urobilin,225,173,33,Yellow
Usafa Blue,0,79,152,Blue
Usc Cardinal,153,0,0,Red
Usc Gold,255,204,0,Yellow
Utah Crimson,211,0,63,Pink
Vanilla,243,229,171,Yellow
Vegas Gold,197,179,88,Brown
Venetian Red,200,8,21,Red
Verdigris,67,179,174,Blue
Vermilion (Cinnabar),227,66,52,Pink
Vermilion (Plochere),217,96,59,Orange
Veronica,160,32,240,Purple
Violet,143,0,255,Purple
Violet-Blue,50,74,178,Blue
Violet (Color Wheel),127,0,255,Purple
Violet (Ryb),134,1,175,Purple
Violet (Web),238,130,238,Pink
Viridian,64,130,109,Green
Vivid Auburn,146,39,36,Red
Vivid Burgundy,159,29,53,Red
Vivid Cerise,218,29,129,Pink
Vivid Tangerine,255,160,137,Pink
Vivid Violet,159,0,255,Purple
Warm Black,0,66,66,Green
Waterspout,164,244,249,Green
Wenge,100,84,82,Grey
Wheat,245,222,179,Brown
White,255,255,255,White
White Smoke,245,245,245,White
Wild Blue Yonder,162,173,208,Purple
Wild Strawberry,255,67,164,Pink
Wild Watermelon,252,108,133,Pink
Wine,114,47,55,Brown
Wine Dregs,103,49,71,Purple
Wisteria,201,160,220,Purple
Wood Brown,193,154,107,Brown
Xanadu,115,134,120,Green
Yale Blue,15,77,146,Blue
Yellow,255,255,0,Yellow
Yellow-Green,154,205,50,Green
Yellow (Munsell),239,204,0,Yellow
Yellow (Ncs),255,211,0,Yellow
Yellow Orange,255,174,66,Orange
Yellow (Process),255,239,0,Yellow
Yellow (Ryb),254,254,51,Yellow
Zaffre,0,20,168,Blue
Zinnwaldite Brown,44,22,8,Brown